{
    "name": "upvote",
    "title": "jQuery Upvote",
    "description": "Generate a voting widget like the one used on Stack Exchange sites.",
    "keywords": [
        "vote",
        "voting",
        "upvote",
        "stackoverflow",
        "stackexchange"
    ],
    "version": "2.1.0",
    "author": {
        "name": "Janos Gyerik",
        "url": "https://github.com/janosgyerik/upvotejs/"
    },
    "licenses": [
        {
            "type": "Creative Commons Attribution 3.0 Unported",
            "url": "http://creativecommons.org/licenses/by/3.0/"
        }
    ],
    "bugs": "https://github.com/janosgyerik/upvotejs/issues",
    "homepage": "http://janosgyerik.github.io/upvotejs",
    "docs": "https://github.com/janosgyerik/upvotejs/blob/master/README.md",
    "dependencies": {
        "jquery": ">=3.1.0"
    }
}
